"datez","tradevolume.HG","tradevolume.HY"
2010-01-04,9286241365,5714530249
2010-01-05,14003492086,9105806800
2010-01-06,15430421485,9075135700
2010-01-07,14515202593,8029509600
2010-01-08,10531051100,6653436505
2010-01-11,11341835890,6527658080
2010-01-12,13618972367,7836289700
2010-01-13,14260127138,6832542213
2010-01-14,11814611473,6467368550
2010-01-15,9078253218,4691656000
2010-01-19,10922005348,5009439625
2010-01-20,12613346499,6227069000
2010-01-21,13645163097,6450106500
2010-01-22,12191141174,5831305728
2010-01-25,10581754519,5366380000
2010-01-26,14975522394,7267376808
2010-01-27,12749815214,6785321141
2010-01-28,12175623454,6798412510
2010-01-29,12312072595,5926811900
2010-02-01,9700296724,4895486495
2010-02-02,12885794892,6258798000
2010-02-03,14125102590,6239337272
2010-02-04,12292091804,5214879689
2010-02-05,11301758118,4552508160
2010-02-08,10221638615,5318444000
2010-02-09,13523773872,6946571780
2010-02-10,9572411738,5290901200
2010-02-11,14107660656,6887516906
2010-02-12,8122617957,4385363000
2010-02-16,8773536866,4478142868
2010-02-17,13385962270,6740839800
2010-02-18,12289359282,6287070800
2010-02-19,9706034671,4700205710
2010-02-22,11519799278,5222164600
2010-02-23,12378534042,5712919350
2010-02-24,13424686470,5207361159
2010-02-25,11355454540,5166142000
2010-02-26,8772233825,3785658600
2010-03-01,10922038586,5493671840
2010-03-02,16436300146,8056048900
2010-03-03,14353323775,6476701300
2010-03-04,13515726792,7079621371
2010-03-05,11523682760,6844013486
2010-03-08,12409245495,6240196000
2010-03-09,14524068105,7031642780
2010-03-10,14488641600,8424487580
2010-03-11,12961339480,7886845118
2010-03-12,11607503973,7042216835
2010-03-15,10326323523,6409408473
2010-03-16,12816892586,7094777478
2010-03-17,13141981042,8181349720
2010-03-18,13183202412,6623061511
2010-03-19,10836799459,4268116000
2010-03-22,9432057259,4530322368
2010-03-23,13859529915,6173464964
2010-03-24,14755783111,5928121203
2010-03-25,14496537353,7070459900
2010-03-26,10117402178,5094099525
2010-03-29,8532732394,4900856000
2010-03-30,11368772864,6020942700
2010-03-31,13633669722,6021382600
2010-04-01,8690280180,4382816040
2010-04-05,8526944870,3744890000
2010-04-06,11215314168,5873103000
2010-04-07,12701970313,6629033648
2010-04-08,11049434690,5848541260
2010-04-09,7950404566,5099653000
2010-04-12,9686936115,5237538045
2010-04-13,13849335812,6438343370
2010-04-14,14484718109,7381335900
2010-04-15,14080412588,6990510300
2010-04-16,10867836583,4836114712
2010-04-19,10417346635,4952099650
2010-04-20,13508026154,5991412880
2010-04-21,13331761903,6269812398
2010-04-22,13966521987,5735273400
2010-04-23,9894539417,4831136600
2010-04-26,10215901632,6093590819
2010-04-27,11592329576,6655464000
2010-04-28,13098153175,6526725571
2010-04-29,12451676870,6261248000
2010-04-30,10218826431,4684673000
2010-05-03,8174469339,4086836777
2010-05-04,10992400260,5596604940
2010-05-05,11533035743,7469834400
2010-05-06,10690514662,7028658268
2010-05-07,10120517688,7440648000
2010-05-10,10545706999,6598469468
2010-05-11,11441351453,6653014075
2010-05-12,13315123925,6453461468
2010-05-13,13302052782,5786203600
2010-05-14,8338758905,3864881000
2010-05-17,7274843230,4484293000
2010-05-18,11133724609,5970245860
2010-05-19,11542553386,5714612500
2010-05-20,10145848495,7941010800
2010-05-21,9097263738,5665297010
2010-05-24,8342963595,5009314900
2010-05-25,10265330981,6724270415
2010-05-26,12286438999,7297507000
2010-05-27,13724993635,7040250161
2010-05-28,4562262430,2192798000
2010-06-01,7263099276,3351435715
2010-06-02,11275821906,4914712275
2010-06-03,12569758808,4977395275
2010-06-04,8170701875,3445371800
2010-06-07,7626621047,3614194400
2010-06-08,11096476236,4858212245
2010-06-09,12330111834,4716934960
2010-06-10,12816358856,4608079000
2010-06-11,7881343632,3032553429
2010-06-14,9600510125,3944093000
2010-06-15,13343677007,5568558000
2010-06-16,11167832127,4818904584
2010-06-17,13975928341,5101391200
2010-06-18,7307648199,3091845386
2010-06-21,9261463388,5350372130
2010-06-22,13616405548,4734453004
2010-06-23,10921833662,4886464600
2010-06-24,9498987835,4456552400
2010-06-25,6753740624,3420914000
2010-06-28,8539072810,3627838300
2010-06-29,10660563165,4358560330
2010-06-30,10561806518,3939889860
2010-07-01,10705583720,3572193400
2010-07-02,3598178753,1779316000
2010-07-06,8185449647,3637125300
2010-07-07,11077249269,5367640000
2010-07-08,11336235001,4369053250
2010-07-09,7555843889,3350646600
2010-07-12,8516145645,3882788750
2010-07-13,12509125433,6642479700
2010-07-14,11586438828,5368050038
2010-07-15,11716072996,4953025011
2010-07-16,7424357072,3085049000
2010-07-19,8146563242,3514907100
2010-07-20,10503369543,5095394000
2010-07-21,14305506809,5046954900
2010-07-22,13742339235,5277597000
2010-07-23,7256529544,3952731600
2010-07-26,10424481373,5255365000
2010-07-27,15619489468,6635864005
2010-07-28,12191878689,5435992358
2010-07-29,12813265644,4987008785
2010-07-30,9131296855,3192556000
2010-08-02,12271749427,4561458300
2010-08-03,14288482400,5444953779
2010-08-04,14479726931,5777548625
2010-08-05,14246348931,5151699349
2010-08-06,8654913406,2774042804
2010-08-09,8987552709,4929008000
2010-08-10,14373398650,4957424840
2010-08-11,12941251715,5589578400
2010-08-12,11945466329,5373945000
2010-08-13,9451400983,3783501000
2010-08-16,9054963036,4112112500
2010-08-17,13282616883,5652296185
2010-08-18,12883485769,4937503450
2010-08-19,13381932964,4072755700
2010-08-20,6905873969,2449877360
2010-08-23,8148165666,3372617950
2010-08-24,10419502555,4434025080
2010-08-25,10958588229,4135236917
2010-08-26,10720740904,3471152466
2010-08-27,7381083506,2229296702
2010-08-30,6911879169,2544075675
2010-08-31,12407062881,3459824700
2010-09-01,11713240167,4219394110
2010-09-02,10465407193,3042867100
2010-09-03,5523558017,1360832630
2010-09-07,9952705338,3804591636
2010-09-08,14497464636,5895051400
2010-09-09,14140277872,4610545410
2010-09-10,11182701095,3831910500
2010-09-13,13453962437,4964754000
2010-09-14,14279857568,5734012650
2010-09-15,12847417953,7007180520
2010-09-16,13531638040,6392284736
2010-09-17,10661309386,4843200793
2010-09-20,10601970274,5432353000
2010-09-21,16374802177,6892440086
2010-09-22,13367110087,6648751550
2010-09-23,13524504936,5743947134
2010-09-24,10518352623,5619517250
2010-09-27,11713780401,4934765050
2010-09-28,13548806396,5991478800
2010-09-29,13257817002,7171981200
2010-09-30,14242959789,6608990560
2010-10-01,9727821426,5719717911
2010-10-04,10778895145,4452231297
2010-10-05,14604976669,7192988164
2010-10-06,15113094938,6483322000
2010-10-07,13854202138,6438056544
2010-10-08,8311197021,3789070200
2010-10-12,11840329958,5636680901
2010-10-13,14014625799,8436630600
2010-10-14,14434065098,6839135948
2010-10-15,10671745203,5174073800
2010-10-18,10984877942,4712768000
2010-10-19,14865912870,5657355093
2010-10-20,14711844164,5679048000
2010-10-21,13333872615,6176881891
2010-10-22,10639277321,4436218751
2010-10-25,10873952808,5306220200
2010-10-26,14783413642,6337843020
2010-10-27,13423536977,6145096971
2010-10-28,12512331017,6233471400
2010-10-29,11558894661,4426377330
2010-11-01,10218729491,4965695783
2010-11-02,12301406378,6340144255
2010-11-03,13262037827,6952551150
2010-11-04,17195817666,7149994393
2010-11-05,12375157863,5080144045
2010-11-08,10513426315,4649740320
2010-11-09,15625607325,6223205500
2010-11-10,14117829472,5784472014
2010-11-11,124714713,62898328
2010-11-12,7679026481,4080238134
2010-11-15,10579386948,5726576025
2010-11-16,12501050297,6242903002
2010-11-17,12336965565,6570748006
2010-11-18,11758055547,7571318254
2010-11-19,8970481554,4632172011
2010-11-22,8369724615,4084859843
2010-11-23,10441855302,5144618548
2010-11-24,4987783403,2389698887
2010-11-26,973787326,237328304
2010-11-29,9046351757,4297671405
2010-11-30,12161124597,6259154134
2010-12-01,15060129319,6727529978
2010-12-02,12912669576,5597982004
2010-12-03,9491250443,4456676070
2010-12-06,10646354075,4451670521
2010-12-07,15051961385,6307211406
2010-12-08,14484162876,5164036597
2010-12-09,12928551048,5071772004
2010-12-10,10424537404,4008118850
2010-12-13,11301038083,4606358766
2010-12-14,13335957254,5694351599
2010-12-15,13430248744,4822701159
2010-12-16,13117632839,5150536203
2010-12-17,8221467085,3171855601
2010-12-20,7711497238,3142823344
2010-12-21,9405734204,3494076254
2010-12-22,6572477376,2318330272
2010-12-23,2112644042,813344032
2010-12-27,1758243217,400465321
2010-12-28,3761852872,1084132382
2010-12-29,3929185834,1191605521
2010-12-30,2924190837,968662050
2010-12-31,1371827837,350471833
2011-01-03,10696413850,6042847078
2011-01-04,16969976494,7909753415
2011-01-05,18431832127,8053371508
2011-01-06,16214248284,7664351724
2011-01-07,11626161781,5401765888
2011-01-10,10459968234,4460355146
2011-01-11,15442221041,5814717365
2011-01-12,17471552223,5586306016
2011-01-13,13370341206,6426461634
2011-01-14,13714005247,4537387955
2011-01-18,13772622552,4897547407
2011-01-19,15143786476,5966073931
2011-01-20,18287985073,5835006653
2011-01-21,14708686947,5604247798
2011-01-24,14683206667,5422976840
2011-01-25,16415769984,6605742868
2011-01-26,16628908672,6525587839
2011-01-27,12132937895,5349817314
2011-01-28,11004014337,4803962560
2011-01-31,13505821715,6086375994
2011-02-01,15555535200,6359447004
2011-02-02,16568348080,6265696323
2011-02-03,16168272705,7203384687
2011-02-04,13395307833,5663318006
2011-02-07,11149157333,5408190428
2011-02-08,18586275932,7006937912
2011-02-09,18223671138,5838922831
2011-02-10,16996163035,6404946884
2011-02-11,12952983650,4694557934
2011-02-14,10929653717,3977825760
2011-02-15,15029507646,4818461522
2011-02-16,14235968486,5894515015
2011-02-17,15086978755,5503941748
2011-02-18,9387955871,3367811640
2011-02-22,12164697858,3615943926
2011-02-23,13544061063,5499913972
2011-02-24,14950629746,4700353175
2011-02-25,11625531397,3840344155
2011-02-28,12207010221,4256669362
2011-03-01,14418494683,4910123389
2011-03-02,14098014324,4557703236
2011-03-03,15602999974,4965747975
2011-03-04,10395688018,3870477473
2011-03-07,11516542698,4251772080
2011-03-08,14606667290,5350034340
2011-03-09,15177005977,4847403528
2011-03-10,13968591073,4594355020
2011-03-11,9963456536,3651294560
2011-03-14,10534275094,3433763418
2011-03-15,12916617034,4982271020
2011-03-16,12842622043,5678518540
2011-03-17,12539660704,5423084416
2011-03-18,10839375519,3626910246
2011-03-21,11428145230,3836659890
2011-03-22,15771136941,4761421030
2011-03-23,17137075185,5833834230
2011-03-24,17369712286,4735033466
2011-03-25,11853506534,3460188982
2011-03-28,10913900871,3260074100
2011-03-29,14757432289,4595693947
2011-03-30,14037354528,4467321300
2011-03-31,14267370577,4266934168
2011-04-01,9859919718,3886584480
2011-04-04,10768132717,4210674302
2011-04-05,13363643336,5060188250
2011-04-06,14764290715,4775548410
2011-04-07,12831553068,3591557500
2011-04-08,11235054194,3137457991
2011-04-11,9868718757,3929614305
2011-04-12,11935641481,4628574302
2011-04-13,12880082280,4738855676
2011-04-14,12000405864,3841142063
2011-04-15,7800009064,3099294300
2011-04-18,8406313374,3039784200
2011-04-19,12089414648,4170077222
2011-04-20,12060411655,4118685200
2011-04-21,6184891802,2265149519
2011-04-25,8659622940,4437148280
2011-04-26,15222954468,4307811000
2011-04-27,12847883379,4786758494
2011-04-28,13385163330,4739368209
2011-04-29,10180888789,3311197080
2011-05-02,9546080708,3891851000
2011-05-03,13223092387,4633939260
2011-05-04,14107242282.54,5838182532
2011-05-05,12810262529,4940077500
2011-05-06,9440324999,3518132140
2011-05-09,10821701537,3447942400
2011-05-10,15232479675,4499366795
2011-05-11,13324882531,4855680100
2011-05-12,13362316438,4406504585
2011-05-13,8481707275,3508674070
2011-05-16,9058501547,3951589705
2011-05-17,14134637779,4638916195
2011-05-18,13121387966,4448880000
2011-05-19,13070865888,4726788000
2011-05-20,10731608878,3430532000
2011-05-23,10497603317,3442371800
2011-05-24,13311212058,4224830370
2011-05-25,14386742047,4120079207
2011-05-26,12203927982,4417662400
2011-05-27,4197357896,1621502900
2011-05-31,12187916679,4413468500
2011-06-01,13311077094,3856493200
2011-06-02,13570268236,4283003000
2011-06-03,10158345130,3062762554
2011-06-06,9837042150,3441244532
2011-06-07,14192374316,5043097175
2011-06-08,14492065895,4464826133
2011-06-09,13385484831,4711428836
2011-06-10,9229327335,4125064385
2011-06-13,10061029536,3869764900
2011-06-14,15951720791,4923560022
2011-06-15,13246333069,4252541120
2011-06-16,11419524244,4587498940
2011-06-17,9263732444,4686014136
2011-06-20,9290637503,4465882400
2011-06-21,14271429082,5987226450
2011-06-22,13896160324,5129941077
2011-06-23,11927292653,5100539002
2011-06-24,8166842093,3660721400
2011-06-27,10092052444,3973040000
2011-06-28,14804851980,4832163456
2011-06-29,13722566178,4987314696
2011-06-30,14219386407,5342702382
2011-07-01,5113402470,2356712513
2011-07-05,9272803099,3504769408
2011-07-06,12765915202,4307410204
2011-07-07,15091124612,5731637550
2011-07-08,9604068084,2648572120
2011-07-11,10930975129,2734225170
2011-07-12,13031919528,3676029482
2011-07-13,12205578602,4362950648
2011-07-14,11935613660,4040678500
2011-07-15,7930611230,2661038704
2011-07-18,8556638678,2973489973
2011-07-19,12055693776.3,3842267840
2011-07-20,13546698412,4590215960
2011-07-21,13428503345,4616113543
2011-07-22,10296134919,2914940000
2011-07-25,9496275980,2860054000
2011-07-26,13113625849,4289940730
2011-07-27,13527866944,5352807328
2011-07-28,13598435597,4032752200
2011-07-29,9250409939,2321877205
2011-08-01,10176530842,2442032700
2011-08-02,11985297555,4226569578
2011-08-03,10964074391,4626568473
2011-08-04,11671228247,4878587800
2011-08-05,9524607390,4353221302
2011-08-08,9071253682,4847795120
2011-08-09,16349424865,7915379438
2011-08-10,15409053086,6906571400
2011-08-11,15000806982,6389710399
2011-08-12,10715673584,4592114180
2011-08-15,10857416721,4618054500
2011-08-16,14755190099,4620998600
2011-08-17,15128549485,5120313500
2011-08-18,12074239233,4452185500
2011-08-19,8713436898,2849446500
2011-08-22,10145253808,3315518200
2011-08-23,11879279726,3944490000
2011-08-24,11698116017,4325074785
2011-08-25,11919722929,3658141106
2011-08-26,6880268732,2178865400
2011-08-29,7658797557,2440519500
2011-08-30,10364141065,3381553400
2011-08-31,14062047634,3706059470
2011-09-01,9858656786,3094756000
2011-09-02,4730933183,1036498675
2011-09-06,8575952959,3310328816
2011-09-07,12882246962,4347067600
2011-09-08,11731060978,4280299020
2011-09-09,9693449892,3442508262
2011-09-12,8117306489,3586149000
2011-09-13,12387537254,4873547600
2011-09-14,14641611679,5150949311
2011-09-15,14699183638,4546939441
2011-09-16,9834444064,3647464178
2011-09-19,8003541623,3290101623
2011-09-20,12264111185,5201151161
2011-09-21,11134937067,4650444766
2011-09-22,12027536609,4991733000
2011-09-23,9780374577,4197006000
2011-09-26,9899879712,4021343800
2011-09-27,14100140952,5802305856
2011-09-28,12552973823,5302177084
2011-09-29,10794958745,4204689505
2011-09-30,9834607856,4147502000
2011-10-03,8424123397,4414835000
2011-10-04,12332338940,6420416000
2011-10-05,12438094362,6411326200
2011-10-06,11826923429,5815079000
2011-10-07,8513300176,3221505000
2011-10-11,10486321670,5206912600
2011-10-12,15735065294,6126181720
2011-10-13,13894373799,4788812500
2011-10-14,10672442239,4614273000
2011-10-17,9021295699,4146091450
2011-10-18,12857771309,5697145185
2011-10-19,14757956254,5359106100
2011-10-20,12653967185,4589017150
2011-10-21,12633744820,4576750000
2011-10-24,9982243088,4602747330
2011-10-25,13981079907,6547690332
2011-10-26,12657373354,5768435168
2011-10-27,16074999409,7052467500
2011-10-28,11059612565,4016316500
2011-10-31,10224577725,3208450440
2011-11-01,10378307626,4009467450
2011-11-02,13020305148,4208721078
2011-11-03,12057125288,4105526221
2011-11-04,10686520617,3350613000
2011-11-07,8670856178,3585046840
2011-11-08,13227025874,4929356200
2011-11-09,10527872773,3441928600
2011-11-10,9940052560,3280667462
2011-11-14,9209263997,2921063720
2011-11-15,13006253157,3681216028
2011-11-16,12788358908,3751955105
2011-11-17,11865397824,3999913000
2011-11-18,9806034084,3242639968
2011-11-21,7897188099,2585170000
2011-11-22,9453864369,3372222000
2011-11-23,4505898503,1825938002
2011-11-25,978420903.42,164410000
2011-11-28,8784193561,3804997520
2011-11-29,12826868228,4024972017
2011-11-30,13565508721,5232181850
2011-12-01,14709959446,5674233212
2011-12-02,11850319109,4558424510
2011-12-05,12681581329,5644972655
2011-12-06,14420199162,5811550200
2011-12-07,14868209492,6245925500
2011-12-08,13393900581,4769329664
2011-12-09,9203913114,3330117400
2011-12-12,8339676429,3875937800
2011-12-13,11610247622,5533665828
2011-12-14,11066995677,4657165312
2011-12-15,10575116108,4587276377
2011-12-16,7780524698,3228514000
2011-12-19,6606172449,3329316379
2011-12-20,9422184546,4139041461
2011-12-21,7357828711,2982360600
2011-12-22,6287052616,2677700000
2011-12-23,1231719063,552621404
2011-12-27,2486352272,917427159
2011-12-28,3732268869,1055987886
2011-12-29,3044966985,1112570908
2011-12-30,1496630214,424624584
2012-01-03,9332786918,4272631570
2012-01-04,15068361542,5695480950
2012-01-05,14379014974,5778532100
2012-01-06,12372991205,4833251350
2012-01-09,12411124366,4223807280
2012-01-10,16732869940,5422515011
2012-01-11,14093372032,4770923902
2012-01-12,14554116726.01,5270401444
2012-01-13,10195324009.56,3047037434.58
2012-01-17,11079903694,4232640663
2012-01-18,17105705592,5731752817.52
2012-01-19,17490257908.14,5947763336
2012-01-20,14612409550,5086686074
2012-01-23,12580989342.76,4935580400
2012-01-24,15858583045,5138642800
2012-01-25,15255102901,6971892342
2012-01-26,16894737813.29,6531342645
2012-01-27,12600315931,4238810685.07
2012-01-30,11813415054.23,3832862080
2012-01-31,15122959951.6,5929910489.22
2012-02-01,18334516351.03,6298931350
2012-02-02,18317659185.16,5978116014
2012-02-03,14025235301.29,6365841066.57
2012-02-06,10473996200.36,3897495802.63
2012-02-07,15906355123.78,5777881856.75
2012-02-08,17882779048.62,8065796432.71
2012-02-09,18993206815.59,5749002621.95
2012-02-10,12768989816.69,4211807028.98
2012-02-13,11603019213.85,4792414195.65
2012-02-14,15883016843.37,5719093937.39
2012-02-15,15693771176.13,5724145302.72
2012-02-16,15464939717.67,5240419373.27
2012-02-17,8940629709.11,3332184786.3
2012-02-21,10437205904.19,4106406420.36
2012-02-22,15192519875.57,4522003685.84
2012-02-23,14907716331.81,5436656248.37
2012-02-24,13201044519.62,4801119543.55
2012-02-27,10805067862.43,4472564574.45
2012-02-28,14800767139.23,4896537731.08
2012-02-29,16091626008.51,5914687749.22
2012-03-01,15864996444.35,5670185223.77
2012-03-02,13008880440.04,4405358356.2
2012-03-05,13169761167.59,4804607778.67
2012-03-06,16258708012.85,5480777237.65
2012-03-07,16513420030.66,5372845189.83
2012-03-08,15169479527.32,4909931200.23
2012-03-09,10568198185.53,3981412073.67
2012-03-12,10324445711.67,3746289651.69
2012-03-13,14384128969.65,5672639790.4
2012-03-14,17436690044.46,4892173922.27
2012-03-15,14553023176.22,4419818131.1
2012-03-16,10647868712.71,3848971107.88
2012-03-19,11490646137.22,3923130345.83
2012-03-20,14777035050.27,4576645947.58
2012-03-21,16433312040.31,4755225660.7
2012-03-22,12935606443.04,4382897174.46
2012-03-23,10249242066.62,3409318697.26
2012-03-26,9741062060.25,4197655808.25
2012-03-27,14169869535.57,4695225050.98
2012-03-28,13444581345.54,5260601784.83
2012-03-29,12334314747.05,4099943680.56
2012-03-30,10563510980.97,3874778372.21
2012-04-02,10053457974.93,3564107187.06
2012-04-03,13444232191.46,4521110924.7
2012-04-04,11938594096.77,4475248880.58
2012-04-05,9410283585.92,3046302385.5
2012-04-06,330069000,4935000
2012-04-09,7573722334.62,2763769651.6
2012-04-10,11981779278.55,4552511183.74
2012-04-11,13568004718.52,4602464708.92
2012-04-12,14001991495.1,4560074193.84
2012-04-13,8705664742.43,2741111056.62
2012-04-16,10760672106.82,3494179022.22
2012-04-17,13879226247.1,4431230364.76
2012-04-18,12503314399.1,4245988104.42
2012-04-19,12032570956.04,4247281693.33
2012-04-20,8573547858.93,2876397495.74
2012-04-23,9643836474.5,3603758067.4
2012-04-24,15196356543.65,4755384448.41
2012-04-25,13256775277.12,5093592872.49
2012-04-26,12706472978.85,4422719573.89
2012-04-27,9557717187.94,3577974820.36
2012-04-30,11321236857.05,3945306236.11
2012-05-01,13206520675.11,5280970465.94
2012-05-02,14319781504.14,4561920568.23
2012-05-03,13963398553.94,5433793541.15
2012-05-04,9269996937.72,3475936525.59
2012-05-07,8393020968.99,2852941291.82
2012-05-08,13439655488,4109708482.22
2012-05-09,13395286669.28,4276469936.95
2012-05-10,13186106310.67,4041977741.22
2012-05-11,9479808861.97,3371018882.76
2012-05-14,10084485442.01,4291045005.08
2012-05-15,13910047446.84,5284190911.87
2012-05-16,13241697633.04,5485060619.53
2012-05-17,12005413549.92,5857049542.86
2012-05-18,9380637873.83,4244285977.07
2012-05-21,9899352742.47,4497104570.71
2012-05-22,14873825055.44,5251183022.03
2012-05-23,12618739691.49,5464911914.45
2012-05-24,13138681724.29,4732630580.26
2012-05-25,5572414172.71,1575911208.43
2012-05-29,11634526249.78,5155685068.5
2012-05-30,12463157796.32,4957019594.96
2012-05-31,13962914452.24,6218716276.33
2012-06-01,8532038138.85,4234000862.25
2012-06-04,10675884731.24,4035953780.37
2012-06-05,11964985279.95,5100051261.83
2012-06-06,13009073675.2,5607736727.03
2012-06-07,14236313718.71,4388805800.29
2012-06-08,10270039035.8,3414590648.46
2012-06-11,10997427341.85,3444580993.35
2012-06-12,12278811437.13,5003420769.13
2012-06-13,11347798977.21,3427011192.42
2012-06-14,11297382326.63,3066052113.88
2012-06-15,7516117070.68,2523107381.72
2012-06-18,9041040878.82,2886069775.43
2012-06-19,12825673652.9,4385726326.54
2012-06-20,13479069229.95,4129509745.54
2012-06-21,13489289445.6,4277550309.34
2012-06-22,9796916624,2334098201.75
2012-06-25,10096896473.06,3175329315
2012-06-26,13230023404.65,3819596783.84
2012-06-27,13274528667.36,3969645247.7
2012-06-28,11064802663.87,3017465063.96
2012-06-29,11271214362.58,3052900993.04
2012-07-02,7861964591.16,2075710180.16
2012-07-03,5458556142.18,1441562755.14
2012-07-05,5619610684.07,1541635342.62
2012-07-06,4326525589.2,1172379150.56
2012-07-09,8959077396.19,3429682844.94
2012-07-10,12285484661.14,4736985352.28
2012-07-11,12253877674.84,4498864609.13
2012-07-12,12972612148.18,4711577193.27
2012-07-13,9263078280.8,3512372680.92
2012-07-16,8802857768.71,3388023806.29
2012-07-17,12793599580.94,4781719213.05
2012-07-18,13358687121.05,4415186160.35
2012-07-19,12169354292.89,4771953011.46
2012-07-20,8906803061.92,2930789942.24
2012-07-23,9091870234.74,3656894379.88
2012-07-24,11463355319.62,4515690716.86
2012-07-25,11457549913.15,4266916007.12
2012-07-26,13110906788.62,4482515292.28
2012-07-27,8846889537.88,2825754007.45
2012-07-30,10064525965.76,3076656948.73
2012-07-31,13879809635.97,4241521017.96
2012-08-01,13731684068.91,4201284527.23
2012-08-02,11675617436.16,3878219622.63
2012-08-03,8453259763.56,3522971004.62
2012-08-06,9199918921.37,2977417786.11
2012-08-07,13562281899.07,4840598079.22
2012-08-08,14707065202.57,4286158649.67
2012-08-09,13353063348.43,4925009197.77
2012-08-10,8353869488.89,3558592609.01
2012-08-13,9057566668.12,3232314658.78
2012-08-14,11760419472.13,4591759297.77
2012-08-15,11846303838.37,4691089205.85
2012-08-16,12539825428.47,3985856845.45
2012-08-17,7986578527.07,2773128934.64
2012-08-20,7998921141.6,3213435925.38
2012-08-21,11848993021.26,3931649992.96
2012-08-22,10122870690.29,3377646784.99
2012-08-23,9581935763.54,3294673559.59
2012-08-24,6602907611.82,1921142069.44
2012-08-27,7343653626.55,2098367863.61
2012-08-28,9942279206.4,3349110621.32
2012-08-29,8756806763.17,2826630995.91
2012-08-30,7890465505.82,2676925827.69
2012-08-31,4840339096.56,1122920695.89
2012-09-04,10228984118.6,3623614110.79
2012-09-05,13171176153.87,4310742804.51
2012-09-06,14314939574.27,5232665516.26
2012-09-07,10203783350.89,4241116923.38
2012-09-10,11836656975.76,3620303673.59
2012-09-11,16597888449.09,5435816439.11
2012-09-12,15066808313.39,5036423567.71
2012-09-13,14113586344.35,4769366330.77
2012-09-14,12184933158.59,4330502121.11
2012-09-17,10646519068.56,3256251640.5
2012-09-18,13545873455.23,4857349450.16
2012-09-19,15756905632.01,5141702517.65
2012-09-20,14460599920.46,5312688269.91
2012-09-21,11403070066.1,4019710249.84
2012-09-24,11328434632.38,4334442200.61
2012-09-25,15162715774.97,5861318128.72
2012-09-26,13623549510.62,4362369217.12
2012-09-27,13984449198.54,5119270442.65
2012-09-28,12771348095.93,3807192714.91
2012-10-01,11234894855.32,4081148138.77
2012-10-02,14626273676.11,5272675314.23
2012-10-03,13650579138.43,5117564004.58
2012-10-04,15269411344.18,4473619739.63
2012-10-05,9265355583.34,2599729231.34
2012-10-09,11487296677.56,4421620266.31
2012-10-10,13648747988.4,4461579970.69
2012-10-11,13047365697.62,4798309675.5
2012-10-12,11371216418.83,3263083573.09
2012-10-15,12357501437.56,4254319919.65
2012-10-16,15816957248.94,5561607682.58
2012-10-17,16515001246.59,5594496767.83
2012-10-18,16254097510.67,4366984525.37
2012-10-19,12027745955.29,3867386835.04
2012-10-22,11375419503.37,3785043699.28
2012-10-23,15792774492.79,4357186508.78
2012-10-24,14677793863.33,4928615149.58
2012-10-25,13666329758.36,4961714367.97
2012-10-26,9869392102.69,3694228096.47
2012-10-30,72147000,16104000
2012-10-31,8618727964.1,3269714957.13
2012-11-01,10929099785.54,4125164745.27
2012-11-02,11523688607.45,3529988696.66
2012-11-05,12246683514.15,3489050763.75
2012-11-06,14160299892.77,4302519404.39
2012-11-07,11735712131.96,4442127580.07
2012-11-08,13223281727.93,5214688646.34
2012-11-09,9539808377.54,3899409670.1
2012-11-13,11457898167.22,4850966372.32
2012-11-14,14013332853.72,4347012390.01
2012-11-15,15297265554.93,4750877957.44
2012-11-16,11087635487.15,4099540030.89
2012-11-19,11261781726.64,4930782723.49
2012-11-20,11530866776.39,4592707739.98
2012-11-21,6693238693.4,1738140448.27
2012-11-23,1313398556.63,269367890.5
2012-11-26,11029413697.72,3688968569.23
2012-11-27,16131816291.64,5261621970.92
2012-11-28,15419384655.35,4872827119.76
2012-11-29,15591853403.05,4757886424.2
2012-11-30,12343281943.04,4001760492.58
2012-12-03,11512643893.69,3961126148.9
2012-12-04,14697701241.82,4639308967.48
2012-12-05,14262309575.06,5057184952.66
2012-12-06,13877805613.2036,4424033811.91
2012-12-07,10092766039.32,3619096766.46
2012-12-10,10746418116.69,4081281742.58
2012-12-11,14277536316.57,5121598442.14
2012-12-12,13650919395.89,5281229770.17
2012-12-13,13691469476.34,4869880077.94
2012-12-14,9093385398.69,3356054657.6
2012-12-17,10901915418.37,4216869313.72
2012-12-18,14187616252.25,4943557900.02
2012-12-19,12401861527.82,3988688290.31
2012-12-20,8701491627.3,3094131092.79
2012-12-21,4517033248,1606371259.8
2012-12-24,996739123.48,293552047.38
2012-12-26,2600710912.26,730087718.77
2012-12-27,3962132244.2,1202083938.56
2012-12-28,3154917239.81,772479642.41
2012-12-31,1354625218.09,397035243.62
2013-01-02,8799923503.05,3666621146.68
2013-01-03,14015883201.33,4976940992.73
2013-01-04,13733208309.14,4998489149.14
2013-01-07,12148969768.72,4522121683.04
2013-01-08,17457325359.96,4611106644.24
2013-01-09,17021235110.85,5435106819.01
2013-01-10,17874097161.05,5575697099.69
2013-01-11,13300980863.11,5021230644.75
2013-01-14,12506015144.44,4360322717.77
2013-01-15,16243373134.29,4823826588.9
2013-01-16,17544660130.24,4906510480.91
2013-01-17,18184021149.17,5588964288.68
2013-01-18,11544756130.05,3811487139.33
2013-01-22,12664483271.17,4783592319.79
2013-01-23,15164300471.88,5524706548.47
2013-01-24,15257192073.95,5689739127.34
2013-01-25,13782954457.42,4857896595.9
2013-01-28,13866146076.22,5455875999.15
2013-01-29,16387402933.87,4814296522.29
2013-01-30,14958122404.77,6394711799.51
2013-01-31,16418230741.98,6455731886.92
2013-02-01,10898724291.16,5077908783.62
2013-02-04,10320417266.89,4214863969.64
2013-02-05,14483142178.19,5116475269.95
2013-02-06,15786993389.43,5493146620.44
2013-02-07,15860221282.05,5019294202.04
2013-02-08,7669527989.33,3132693083.51
2013-02-11,12208705044.74,4241955839.58
2013-02-12,14706768053.98,5441708285.72
2013-02-13,14379213381.24,5223921281.28
2013-02-14,14070047631.12,5046285660.89
2013-02-15,9185443547.55,3064589128.87
2013-02-19,12075010413.68,3790559690.58
2013-02-20,16059796723.47,4579968425.08
2013-02-21,16499304426.12,4985271105.96
2013-02-22,12887394476.21,3719884665.44
2013-02-25,13669554206.05,3406475417.61
2013-02-26,16555696079.61,4389521602.08
2013-02-27,15651594891.05,4533458162.41
2013-02-28,16175478812.45,5047017777.89
2013-03-01,11289402307.2,5078149332.45
2013-03-04,11498786347.14,4038707882.71
2013-03-05,14671750036.14,5175823118.28
2013-03-06,15278326858.76,5578091482.35
2013-03-07,15748988381.16,5004786790.01
2013-03-08,13682557171.37,4638644533.06
2013-03-11,13631025260.88,4120342538.52
2013-03-12,16193405743.29,5467911448.02
2013-03-13,14263642369.22,5071155649.2
2013-03-14,13244335851.39,5217185915.47
2013-03-15,10167420582.31,4158913601.55
2013-03-18,9550460066.02,3732001914.66
2013-03-19,15373221374.79,5350553042.74
2013-03-20,14584980913.23,5002827837.62
2013-03-21,13150296628.85,4374750930.68
2013-03-22,10338765794.9,3358525156.19
2013-03-25,11839752654.59,3977441499.78
2013-03-26,14668009671.06,4997214323.15
2013-03-27,11079754382.61,4533939344.34
2013-03-28,8648915777.3,2267349006.09
2013-04-01,8390647695.74,3550369966.53
2013-04-02,14106296256.53,5141503815.44
2013-04-03,14411815472.74,5260902506.2
2013-04-04,14811440166.72,5066208922.12
2013-04-05,11160650412.71,3657382750.97
2013-04-08,11550566438.5,4320610187.82
2013-04-09,15308515887.16,5174361331.76
2013-04-10,14185259339.61,5769489256.11
2013-04-11,12392443472.83,4717977642.45
2013-04-12,8759235119.9,3206904981.81
2013-04-15,9586888461.59,4075179170.56
2013-04-16,13313768182.14,4519542267.25
2013-04-17,12925068904.84,4060124483.04
2013-04-18,13088933004.44,4738110052.41
2013-04-19,9194059913.5,3129841224.13
2013-04-22,10586674896.04,3713917987.43
2013-04-23,15976903400.34,4746400122.28
2013-04-24,14367368273.48,4671691051.12
2013-04-25,15067682887.77,5240850959.52
2013-04-26,9793181891.12,3761030213.14
2013-04-29,10354446781.05,4087369048.06
2013-04-30,14687925687.49,6031879417.95
2013-05-01,14712047027.91,4182828354.07
2013-05-02,14873654143.12,4676098371.62
2013-05-03,11161911432.97,3850612790.34
2013-05-06,11568899621.52,3587527082.91
2013-05-07,16618256040.57,5006300644.2
2013-05-08,15523920150.15,5041951335.55
2013-05-09,14849039404.86,5205350452.59
2013-05-10,11877247810.99,4265743435.06
2013-05-13,12773562975.83,4364243718.9
2013-05-14,15423235573.99,5682334400.76
2013-05-15,15261008131.03,5459194687.92
2013-05-16,15544264248.89,4605362653.97
2013-05-17,10004690370.54,2864219421.21
2013-05-20,11243836112.74,3569215822.61
2013-05-21,14349294399.7,5023705138.57
2013-05-22,16541118900.4,5003567566.31
2013-05-23,13521728161.64,4031173643.31
2013-05-24,5849130035.71,1835312821.4
2013-05-28,14217824603.72,5155560086.38
2013-05-29,16118838049.84,5425683411.35
2013-05-30,15746229377.49,5465855990.6
2013-05-31,13578696092.74,4344116137.53
2013-06-03,12812926071.25,4744699711.14
2013-06-04,16133687175.76,5612937667.03
2013-06-05,14965406117.31,5697829883.77
2013-06-06,14419210854,6499499906.66
2013-06-07,11259874415.17,4980642923.54
2013-06-10,11221575165,4449431391.89
2013-06-11,12369701741.22,4926982749.45
2013-06-12,12692402886.08,5055251236.19
2013-06-13,12901265935.79,4809182721.94
2013-06-14,9109191843.87,3172038755.57
2013-06-17,10419346599.76,3546340514.37
2013-06-18,15034554272.68,4172482583.4
2013-06-19,11576635449.15,4026150921.22
2013-06-20,15639065376.31,4903223992.07
2013-06-21,10050350600.94,3899836455.27
2013-06-24,12239840715.19,4616661006.71
2013-06-25,15891284677.95,6156009207.68
2013-06-26,14736059995.73,6234661642.4
2013-06-27,14235627526.13,5601231059.07
2013-06-28,11712056544.01,4026664488.7
2013-07-01,10468488490.32,3484581303.54
2013-07-02,12427708145.25,3720930672.51
2013-07-03,5453719900.16,1287482431.21
2013-07-05,2216303557.2,421619796.87
2013-07-08,10382981089.04,3296447660.19
2013-07-09,15059347395.96,4249303714.19
2013-07-10,14238303063.99,4208091744.89
2013-07-11,14022111949.17,4792354201.55
2013-07-12,10049646007.3,3272688582.13
2013-07-15,10103786054.29,3587055058.29
2013-07-16,13832138511.22,4125732227.89
2013-07-17,13020022192.6,4594930586.95
2013-07-18,14059224076.71,4831234403.28
2013-07-19,9734651718.09,3372662190
2013-07-22,10617110909.6,3542062564.71
2013-07-23,12725612217.91,4227089257.08
2013-07-24,14093841445.28,4099700710.97
2013-07-25,12470752326.28,3344218128.2
2013-07-26,8670059931,2615800406.48
2013-07-29,11973386379.44,2827834906.08
2013-07-30,12945825570.04,3893528548.24
2013-07-31,14187193302.67,4004821978.48
2013-08-01,11194375797.43,4028346759.03
2013-08-02,7670622273.26,2406771848.88
2013-08-05,9148553888.3,2895853189.91
2013-08-06,10659505926.63,3812226249.77
2013-08-07,12088046710.48,3918483830.44
2013-08-08,11928269669.89,3550195917.02
2013-08-09,7327966865.53,2564788765.78
2013-08-12,9868421645.08,2812729268.91
2013-08-13,13369765227.84,3428895617.11
2013-08-14,11787035631.04,3176932410.11
2013-08-15,10607854919.3,2965692448.94
2013-08-16,6034866468.68,1626817392.05
2013-08-19,7037979423.12,2872801629.01
2013-08-20,11081426031.18,3570059998.12
2013-08-21,10429817982.08,2940387313.76
2013-08-22,10862920293.44,2885526415.29
2013-08-23,6405252592.33,1606509507.02
2013-08-26,7290557384.97,2177460013.54
2013-08-27,9963490966.99,2202288948.54
2013-08-28,8578115738.54,1993653594.47
2013-08-29,7804619050.78,1913735424.85
2013-08-30,4548154976.35,847302786.76
2013-09-03,11261190736.38,3710415653.3
2013-09-04,15667561825.59,4472409544.46
2013-09-05,12972698980.73,3716492778.88
2013-09-06,10532970118.43,3204488375.95
2013-09-09,12045272125.91,3393221912.64
2013-09-10,16473698814.72,4435905945.95
2013-09-11,20678779637.71,4314471674.27
2013-09-12,21049593559.62,4381068889.52
2013-09-13,14927450449.49,3318730199.4
2013-09-16,14942934199.36,4701617507.98
2013-09-17,19772729690.13,5305840810.64
2013-09-18,18506074364.71,5515639444.75
2013-09-19,18340545582.87,5431837362.18
2013-09-20,10438027859.2,3348207775.39
2013-09-23,11493123707.4,4032039869.92
2013-09-24,16193016076.39,5027208636.07
2013-09-25,17897759521.19,5359695326.16
2013-09-26,16154813150.62,4517658544.83
2013-09-27,11538856530.39,3222651640.33
2013-09-30,12731302783.45,3244488405.29
2013-10-01,13636826255.65,4164174519.63
2013-10-02,15202542656.56,3751934147.11
2013-10-03,15929991960.92,3645940203.05
2013-10-04,11437829473.58,3279394106.72
2013-10-07,10447324884.52,2927997340.38
2013-10-08,14529851168.56,4295839721.51
2013-10-09,13776980140.68,6754205645.16
2013-10-10,13420585731.09,5244395878.13
2013-10-11,8244229084.78,3135012129.29
2013-10-15,12318663045.36,4370654442.2
2013-10-16,15632172025.25,5548621587
2013-10-17,14909929953.89,4987821025.51
2013-10-18,11529023291.25,4312151325.86
2013-10-21,12637073075.64,4459978381.26
2013-10-22,15285876206.13,5912948564.71
2013-10-23,14435515996.72,4944933590.04
2013-10-24,14185513158.6,5288941415.33
2013-10-25,10807523961.83,3697282424.56
2013-10-28,12025034760.64,3904352542.17
2013-10-29,17256677653.09,4398034134.15
2013-10-30,15251671440.14,4741593433.28
2013-10-31,14188631162.39,4751893713.81
2013-11-01,11304511982.78,3906386154.83
2013-11-04,10839135101.59,3868816812.45
2013-11-05,14551767466.23,4420071817.25
2013-11-06,12863235279.21,4553915242.57
2013-11-07,13782656884.49,4814805266.5
2013-11-08,11055651257.46,3317962306.77
2013-11-12,18654581153.27,4559364785.46
2013-11-13,15454017222.42,4616180292.99
2013-11-14,15280527042.19,4883246864.43
2013-11-15,13713029840.15,4605371022.38
2013-11-18,14715670339.77,4410432792.74
2013-11-19,17667656738.54,5023704579.8
2013-11-20,17735388040.54,5380271844.4
2013-11-21,16916052169.61,4996191849.9
2013-11-22,13178903485.38,4082188544.23
2013-11-25,13859605005.57,3976507121.64
2013-11-26,15145046060.15,4490501877.2
2013-11-27,5309360523.28,1913931623.21
2013-11-29,1846676167,365181924.09
2013-12-02,12892067030.9,4081439423.97
2013-12-03,17388070345.94,4945692476.63
2013-12-04,17276460291.45,4120316362.86
2013-12-05,16020294451.9,4435815303.83
2013-12-06,11802566708.68,3382488112.56
2013-12-09,12152011054.81,3810896959.96
2013-12-10,16144315229.52,5032512168.32
2013-12-11,16065305211.6,4531323290.87
2013-12-12,14759390988.9,4968069712.42
2013-12-13,11114018583.19,4153559740.86
2013-12-16,11920459014.01,3872002001.14
2013-12-17,13865286273.37,4788512652.16
2013-12-18,13448004794.91,4317700057.71
2013-12-19,11575837354.99,3889810711.29
2013-12-20,7593379274.23,2710831329.8
2013-12-23,4722147495.76,1529671495.61
2013-12-24,1543335727.91,567982434.42
2013-12-26,2027994079.61,444294072
2013-12-27,2241941932.33,525872545.47
2013-12-30,3741837474.17,1067481976.82
2013-12-31,2128325430.64,575744859.62
2014-01-02,7227351339.04,2224545392.29
2014-01-03,5136118127.57,1695615730.27
2014-01-06,13754083170.1,4698462633.96
2014-01-07,18727028999.34,5907075652.74
2014-01-08,18416329739.79,6124442554.05
2014-01-09,18554251967.82,5087829637.18
2014-01-10,12962753164.37,4491371570.83
2014-01-13,12999260077.19,4206067257.33
2014-01-14,17267937490.33,4918136838.56
2014-01-15,19367195526.24,5512250252.22
2014-01-16,16207271319.86,4523765668.11
2014-01-17,10955854417.26,3666982767.89
2014-01-21,13610119210.19,3734586461.26
2014-01-22,16665289734.85,5087716740.18
2014-01-23,17232481296.45,5131648706.17
2014-01-24,12731889380.7,4533923257.81
2014-01-27,14172109216.42,4559300380.87
2014-01-28,18740774336.57,5143501065.93
2014-01-29,14424981403.87,4701742893.21
2014-01-30,14445744179.24,5407952264.11
2014-01-31,12879229766.63,3743637827.77
2014-02-03,9901598342.57,3685787862.97
2014-02-04,16371748880.13,4700209335.07
2014-02-05,14349133157.7,4937583955.66
2014-02-06,17315610275.07,5244484245.38
2014-02-07,12493061187.18,4443372456.01
2014-02-10,13047518944.71,3880247921.27
2014-02-11,15965644361.77,5368118525.73
2014-02-12,15150346583.43,4528020679.98
2014-02-13,13237989953.92,4117954756.86
2014-02-14,10627571479.6,2701879219.77
2014-02-18,14145243771.03,4081824423.64
2014-02-19,16358682253.25,4919593390.42
2014-02-20,14652659831.15,4922436408.56
2014-02-21,12106007139.41,3761666655.35
2014-02-24,12472814080.67,4512866221.16
2014-02-25,17532727295.86,5095194389.71
2014-02-26,17645017198.86,4967194898.71
2014-02-27,15859596907.06,5002256041.59
2014-02-28,13808912394.31,4383170987.39
2014-03-03,11061392934.31,5100347253.67
2014-03-04,18437781808.87,5778092554.21
2014-03-05,18653065424.53,5252936306.56
2014-03-06,19894207437.09,5699895991.88
2014-03-07,14765638362.56,4069335458.96
2014-03-10,14639148377.8,3986563012.44
2014-03-11,17839976132.5,4503311110.95
2014-03-12,15509445625.63,4934965455.04
2014-03-13,16290822050.09,4115677352.78
2014-03-14,10019565527.25,3633841084.71
2014-03-17,11707279410.14,3542505093.91
2014-03-18,16649048982.94,4555829538.26
2014-03-19,15403657080.84,4478378632.07
2014-03-20,14517118690.95,3808498812.74
2014-03-21,9581103627.64,3360184942.37
2014-03-24,12145489703.15,3538914875.08
2014-03-25,16960832044.14,4882773942.95
2014-03-26,15963164531.79,4915486521.31
2014-03-27,16587017416.25,5369004497.54
2014-03-28,12251336344.34,4060460269.97
2014-03-31,13171164157.21,4971519116.47
2014-04-01,18114925197.79,5156640899.74
2014-04-02,17650489646.75,5930476301.05
2014-04-03,15263936784.01,5127901684.65
2014-04-04,11994068717.71,3972163839.1
2014-04-07,12101386436.3,4034054952.9
2014-04-08,15618023879.47,4866206940.84
2014-04-09,15442838848.02,5004832371.06
2014-04-10,14152170408.37,5180430179.13
2014-04-11,9455349550.42,5104193865.74
2014-04-14,10410668040.3,4299236631.26
2014-04-15,13657454055.26,4895188785.59
2014-04-16,13045846337.31,4532220098.3
2014-04-17,7486761353.61,2519261077.67
2014-04-21,8570995831.56,3181467763.13
2014-04-22,15199520886.47,4725982734.29
2014-04-23,17450725387.69,4773794270.58
2014-04-24,15271452538.44,5598466105.68
2014-04-25,11675851235.39,3788050688.15
2014-04-28,13017069316.49,4232149249.52
2014-04-29,16737156801.38,5725959951.5
2014-04-30,18321922972.31,5512284119.99
2014-05-01,13876410488.39,4772056652.48
2014-05-02,10967495852.7,3787127616.28
2014-05-05,9528270509.68,4304385063.24
2014-05-06,15950450421.5,6146294747.95
2014-05-07,15308110950.84,5747397598.91
2014-05-08,14581280248.63,5597435426.65
2014-05-09,10123733671.31,4384493637.14
2014-05-12,12632782352.79,4848528526.11
2014-05-13,16667804599.16,6026162170.8
2014-05-14,16997954098.26,5504072175.88
2014-05-15,16341553457.61,5163184969.72
2014-05-16,10432524532.1,3567160972.13
2014-05-19,12889514341.38,3834292392.69
2014-05-20,16401733460.15,5838652766.05
2014-05-21,16106614279.8,5280803947.52
2014-05-22,14571246250.02,5010782288.48
2014-05-23,6122615456.31,2020367251.51
2014-05-27,14824413392.49,5094601040.35
2014-05-28,15362103728.62,5367719011.58
2014-05-29,14352368532.82,4730189142.96
2014-05-30,11681101921.47,3778382956.64
2014-06-02,11824476878.61,3335125242.52
2014-06-03,16378959253.77,5383104942.02
2014-06-04,14627319652.41,5158097790.36
2014-06-05,13737514894.52,4860726225.8
2014-06-06,11056717148.63,3937788379.56
2014-06-09,11295931685.26,3922818017.78
2014-06-10,15470384613.96,5628428315.43
2014-06-11,12977510895.46,4732430144.2
2014-06-12,13402919313.33,3866574324.06
2014-06-13,9487849761.49,3530910213.25
2014-06-16,11305983347.8,3811611365.2
2014-06-17,15502976975.95,5008264136.09
2014-06-18,15373057026.72,4992785268.34
2014-06-19,14471728905.66,5077574738.83
2014-06-20,10828677043.01,3191945167.77
2014-06-23,12352471534.71,4011708572.91
2014-06-24,16072769991.61,4910356521.71
2014-06-25,15658434663.6,4322329560.48
2014-06-26,12359083005.69,4155549680.73
2014-06-27,10015320116.61,3355206708.4
2014-06-30,15620281398.21,6326944884.55
2014-07-01,15903638700.82,7261274423.49
2014-07-02,14989068172.84,5974742924.42
2014-07-03,6824623336.01,2120656598.79
2014-07-07,12606053766.79,5109135119.98
2014-07-08,15368858838.84,8078614200.13
2014-07-09,15824222772.3,7289558044.19
2014-07-10,12107093444.23,7712819090.69
2014-07-11,9084648970.73,5222711040.26
2014-07-14,11803387280.7,6480608585.11
2014-07-15,16528308617.45,8775612511.46
2014-07-16,15590547728.51,9329811957.9
2014-07-17,14539995804.47,8117854443.11
2014-07-18,10645680978.68,5850681007.62
2014-07-21,11809788911.22,5351427830.68
2014-07-22,15920693815.23,8169280649.68
2014-07-23,15505265000.03,7630369433
2014-07-24,14898531088.38,8051172832.12
2014-07-25,11064507916.95,5002848579.52
2014-07-28,12850666845.04,6744629278.24
2014-07-29,17046585518.42,9489225395.92
2014-07-30,16385516974.88,8473521570.62
2014-07-31,14789007018.01,10000681271.08
2014-08-01,10150739807.14,8016654076.21
2014-08-04,12202984734.61,8265212353.65
2014-08-05,14132817245.86,8574870459.87
2014-08-06,17507733446.16,8498429872.47
2014-08-07,16616160295.91,7660554882.08
2014-08-08,10721076440.18,5636974765.86
2014-08-11,12134061536.9,6047608445.21
2014-08-12,15059212689,6976952237.66
2014-08-13,16042817552.98,7306274349.41
2014-08-14,13503935857.25,7131031471.82
2014-08-15,7922158405.66,3860441893.14
2014-08-18,8296478748.21,4557334554.21
2014-08-19,14860499784.05,5815332594.91
2014-08-20,13083255694.08,5797786300.57
2014-08-21,13294002992.5,5361035441.3
2014-08-22,7906455448.18,2862976611.34
2014-08-25,8848114151.17,3755115853.43
2014-08-26,12730049535.03,4700018510.57
2014-08-27,12441854451.23,4712214134.81
2014-08-28,9113050497.05,3271931092.54
2014-08-29,6161480553.67,1271436385.84
2014-09-02,11428047668.2,5631909478.02
2014-09-03,18801583506.95,7820088709.61
2014-09-04,18468909218.74,10990398735.26
2014-09-05,13960955209.32,7346388678.03
2014-09-08,12386805746.87,6571478299.75
2014-09-09,16669720334.71,7562205331.25
2014-09-10,18096938673.72,8166320067.66
2014-09-11,16951689416.42,8669304270.59
2014-09-12,13594679524.51,7432627075.25
2014-09-15,14675413605.86,6299139262.08
2014-09-16,18203251025.09,8929100718.47
2014-09-17,16796573492.34,8817294996.81
2014-09-18,18324828353.59,9523655818.8
2014-09-19,12918615058.84,6265091138.74
2014-09-22,12810856378.92,6564994746.59
2014-09-23,18590689440.65,8233880686.31
2014-09-24,18633037647.77,8506625420.93
2014-09-25,18029579622.22,8631266268.06
2014-09-26,14129465107,9438952160.63
2014-09-29,15106884676.91,7856143117.11
2014-09-30,19331850748.69,10973812171.59
2014-10-01,19565876731.79,9345264105.94
2014-10-02,19916839402.3,9997550597.09
2014-10-03,16700227446.99,8326168796.85
2014-10-06,14893181916.56,8000258446.82
2014-10-07,19130246141.09,8422894946.96
2014-10-08,17763037156.01,8785891621.69
2014-10-09,15691318622.72,7529430998.02
2014-10-10,11498575010.48,6260106194.31
2014-10-14,14658230846.13,9431902626.92
2014-10-15,17472088334.89,10525220916.23
2014-10-16,18365998723.93,11473940665.65
2014-10-17,15991349615.44,10458988556.13
2014-10-20,15328134872.88,8403928607.24
2014-10-21,21340655007.38,12521274221.61
2014-10-22,21109969819.81,10400590019.29
2014-10-23,20538106877.5,10222106385.73
2014-10-24,12854487714.95,6431902304.63
2014-10-27,12641961146.2,6322921826.24
2014-10-28,19107984509.42,8744446679.78
2014-10-29,18629033779.76,7697597729.55
2014-10-30,16642437897.19,7660532377.18
2014-10-31,16143697490.67,7384587818.03
2014-11-03,12773210494.61,6530169006.65
2014-11-04,15070656632.21,8426847837.59
2014-11-05,17868091858.99,8340147402.02
2014-11-06,18147668288.23,8717524299.18
2014-11-07,15471274490.52,6998898678.44
2014-11-10,12546210667,6605322042.04
2014-11-12,20665546015.15,9363703087.7
2014-11-13,19304566987.6,8644373586.01
2014-11-14,15097606912.53,6931611593.62
2014-11-17,16098453290.91,7878424412.41
2014-11-18,19203150921.94,8983141665.27
2014-11-19,19760991810.09,8422323022.24
2014-11-20,19563828041.2,8727209937.97
2014-11-21,16574604358.99,8472261552.32
2014-11-24,17692104170.45,7375479528.11
2014-11-25,21024446101.68,7520710870.16
2014-11-26,8066608511.15,3066534100.82
2014-11-28,1965484523.67,740944272.06
2014-12-01,16811181735.84,7392825254.01
2014-12-02,22265442954.34,8584627400.54
2014-12-03,21596259980.39,8635368694.09
2014-12-04,21059834520.82,8551940590.49
2014-12-05,18831148548.37,6626755268.46
2014-12-08,17607014770.79,7157128899.78
2014-12-09,19363003448.86,9805406006.21
2014-12-10,18050223381.67,9314733658.88
2014-12-11,16168198545.64,9993693582.25
2014-12-12,10890829487.68,8873411415.54
2014-12-15,12815379385,8536063184.63
2014-12-16,16242995234.49,10770079680.14
2014-12-17,18152863295.72,11204081468.77
2014-12-18,17295567311.97,10047157558.17
2014-12-19,10723752570.94,6200729200.89
2014-12-22,7586392563.07,4996578493.19
2014-12-23,6702780227.22,3913402600.75
2014-12-24,1410213553.5,612562914.61
2014-12-26,1020834338.21,333582966.21
2014-12-29,5384916777.32,1855659822.84
2014-12-30,5257347251.75,2230227767.12
2014-12-31,2298154354.47,1085299614.44
2015-01-02,2051419530.36,720624560
2015-01-05,13383953473.94,6961389574.3
2015-01-06,17414673784.22,8440329446.77
2015-01-07,18911761542.37,8894043543.13
2015-01-08,19445541496.31,10256136146
2015-01-09,13795041368.38,7379836514.11
2015-01-12,14391364662.48,8092282059.07
2015-01-13,21550008968.26,10486008444.6
2015-01-14,18421451751.38,9857500283.89
2015-01-15,18205969558.63,9192580732.19
2015-01-16,15260116351.32,6413152415.06
2015-01-20,19802234978.02,6551382839.62
2015-01-21,22771236429.05,9673967401.77
2015-01-22,22269093580.81,9335314559.45
2015-01-23,19394445385.97,8228043236.87
2015-01-26,15731635087.06,7033249249.38
2015-01-27,10892787500.79,5477261056.89
2015-01-28,22618659087.13,10521598418.48
2015-01-29,21074018757.2,9735417073.8
2015-01-30,17322741255.94,10182418037.6
2015-02-02,15376086785.19,6915022863.49
2015-02-03,24939201612.79,11194148175.74
2015-02-04,23158512866.7,9510313178.57
2015-02-05,23058429376.48,10544205997.67
2015-02-06,21190719820.23,9127489539.72
2015-02-09,15917766579.89,8611572145.21
2015-02-10,22871404374.18,10870566595.06
2015-02-11,23102758952.57,10091219362.2
2015-02-12,18786530988.45,9451362779.45
2015-02-13,13990077205.04,5949629444.7
2015-02-17,16522319402.39,7171232395.32
2015-02-18,20503245467.2,9426076321.6
2015-02-19,19253131570.56,9906757748.2
2015-02-20,17020626212.99,7780788831.53
2015-02-23,15326496612.96,7314461905.11
2015-02-24,20760849681.56,9007297122
2015-02-25,20107275613.18,9366677897.44
2015-02-26,20477356543.93,10512150402.29
2015-02-27,17967450782.61,9222780799.45
2015-03-02,15074757891.01,8731280021.3
2015-03-03,20145335081.62,10239024072.72
2015-03-04,21004042728.97,9997734005.16
2015-03-05,18894055947.05,9697016749.74
2015-03-06,17161737429.63,8745129885.6
2015-03-09,17415890046.1,7555920112.78
2015-03-10,21617579588.34,9726785427.83
2015-03-11,20322253970.03,9905478448.53
2015-03-12,18896572218.43,9792201736.78
2015-03-13,16337232537.12,8255571627.51
2015-03-16,14666596428.88,7758978053.38
2015-03-17,19555798240.27,9514182094.31
2015-03-18,18483285738.51,11551345136.96
2015-03-19,15310633413.21,8149490347.53
2015-03-20,11448813772.47,7025328598.55
2015-03-23,14723234253.17,6499004984.88
2015-03-24,18662128596.23,9855753598.52
2015-03-25,17540482813.71,9681205754.45
2015-03-26,20426457917.65,8113436681.84
2015-03-27,14093784757.81,6498835933.12
2015-03-30,15476237121.56,7125180348.75
2015-03-31,19261850267.63,8628949143.93
2015-04-01,16534238872.11,8833290192.41
2015-04-02,14364870297.23,7257625596.45
2015-04-03,379860844.84,106100000
2015-04-06,10006410221.01,6337199452.43
2015-04-07,16864776476.29,8760911557.62
2015-04-08,16790349185.83,9618269149.68
2015-04-09,15793835154.97,9314905464.32
2015-04-10,12201316652.05,7066906910.62
2015-04-13,13797251831.59,7287596031.08
2015-04-14,15448221994.26,8971463574.81
2015-04-15,17430916111.95,10350990016.09
2015-04-16,16867684789.51,8007159163.65
2015-04-17,12779686655.12,6557355635.67
2015-04-20,14933740229.23,6574010113.06
2015-04-21,17516099056.95,9326256967.05
2015-04-22,19438312222.12,10011937342.46
2015-04-23,18968688063.89,8265147501.87
2015-04-24,16061673636.8,7291883748.58
2015-04-27,15922163858.35,7365493747.53
2015-04-28,18953996418.11,8745457279.01
2015-04-29,20504567489.64,9532195380.13
2015-04-30,20041560529.29,10945148556.75
2015-05-01,12528677996.4,5894287052.46
2015-05-04,12808575191.95,7306268291.6
2015-05-05,20871761975.36,9648725487.85
2015-05-06,23750677706.92,10849041374.28
2015-05-07,23080889976.08,10856564396.38
2015-05-08,15065157078.06,8913852664.72
2015-05-11,15275939097.23,8092531536.82
2015-05-12,20058542867.2,9417133556.93
2015-05-13,20366250405.2,8658431249.21
2015-05-14,18641394959.01,8806979044.11
2015-05-15,14408428117.27,7263086409.38
2015-05-18,14238517627.35,6439776076.98
2015-05-19,21634497391.26,8129494411.55
2015-05-20,20351449113.76,8548715105.13
2015-05-21,17405891220.84,8161820820.91
2015-05-22,7533491149.58,2898843916.98
2015-05-26,14846363202.58,6867687814.86
2015-05-27,19989513534.64,8254067402.57
2015-05-28,17567012389.49,8736063731.17
2015-05-29,18618525800.37,6093854128.2
2015-06-01,15298365223.23,5404139513.14
2015-06-02,20936830867.88,7862569894.24
2015-06-03,20834947167.87,9227400177.12
2015-06-04,18076757126.2,8151047570.91
2015-06-05,12715784352.84,6122620778.89
2015-06-08,13144434603.75,7203436372.46
2015-06-09,17692527324.65,8606602478.92
2015-06-10,20146645549.52,7120569073.82
2015-06-11,19226680578.91,7767854436.49
2015-06-12,13192072305.83,4938120850.34
2015-06-15,12697737292.36,6475978321.56
2015-06-16,17216737993.3,8098127322.1
2015-06-17,16530699220.23,7742717080.51
2015-06-18,16077785099.96,7435978828.43
2015-06-19,12443685912.86,5021243546.26
2015-06-22,13628272729.74,6324755738.07
2015-06-23,18169115178.44,8207250244.66
2015-06-24,18568917761.68,8212862833.84
2015-06-25,16271471275.92,7415263833.79
2015-06-26,11436205910.26,6461643037.76
2015-06-29,12483841209.98,6409179153.11
2015-06-30,18366084188.95,8273137413.59
2015-07-01,15623416657.4,7555584508.59
2015-07-02,6660311950.64,2999178517.15
2015-07-06,10770477664.38,5863045256.39
2015-07-07,14881188639.62,8711294308.14
2015-07-08,15172712497.46,8583468684.19
2015-07-09,16610818198.73,8211078585.9
2015-07-10,13363028032.13,6770067605.63
2015-07-13,14639114325.7,6851709505.69
2015-07-14,17686352238.2,8071445015.99
2015-07-15,17796283899.46,7992809024.58
2015-07-16,19330838471.38,8943494983.44
2015-07-17,12361779218.84,6173071667.5
2015-07-20,13769993300.85,6080661132.85
2015-07-21,19932208977.2,8241644095.67
2015-07-22,16806919978.44,8534456389.87
2015-07-23,17804313051.76,8612789121.59
2015-07-24,11822393360.15,6481848923.16
2015-07-27,14007561260.3,6596526680.92
2015-07-28,20178693506.84,9727061153.94
2015-07-29,18757138153.8,8515613322.58
2015-07-30,16544631854.79,9398085739.06
2015-07-31,13832425915.13,6157410085.17
2015-08-03,11300617669.65,6670723463.25
2015-08-04,17950322871.86,8036593481.8
2015-08-05,18771306530.49,8670076566.5
2015-08-06,18276069438.77,8516250834.43
2015-08-07,9792051395.18,5336122938.22
2015-08-10,12811198169.35,5521538684.33
2015-08-11,14800360913.82,7624328318.44
2015-08-12,16330311857.35,9341638935.36
2015-08-13,17208575039.03,8404698487.31
2015-08-14,9297148219.28,4905777224.7
2015-08-17,10686356668.66,5182263092.43
2015-08-18,16411232479.23,6395693763.37
2015-08-19,16221823467.67,7614588852.33
2015-08-20,14918547602.2,7307117066.72
2015-08-21,8687128569.21,5302046029.08
2015-08-24,9640858520.06,5619384795.15
2015-08-25,16349047019.7,9277974192.68
2015-08-26,17950106582.93,9119813907.74
2015-08-27,19592161591.92,9853858616.9
2015-08-28,12454451039.7,5088822563.55
2015-08-31,12130729306.41,6179153323.19
2015-09-01,15208642874.55,6672030447.55
2015-09-02,16598928959.27,6818222825.59
2015-09-03,14446887515.12,6122110895.19
2015-09-04,7013821953.76,2505204841.3
2015-09-08,14853757058.96,6458429195.05
2015-09-09,20978159502.71,8243898667.32
2015-09-10,21657768135.08,8049000027.83
2015-09-11,16890329846.98,9521113737.42
2015-09-14,13166994370.53,4932314276.45
2015-09-15,19412191100.15,9694661005.08
2015-09-16,19827408669.86,9242952088.34
2015-09-17,15817156942.78,7395888315.15
2015-09-18,12586748051.24,7301062457.42
2015-09-21,13370312936.99,6454999560.09
2015-09-22,18129377470.13,9195393411.08
2015-09-23,17699177106.24,6716214960.14
2015-09-24,18392555705.66,9505908287.87
2015-09-25,14971448039.9,7824442896.44
2015-09-28,14950870393.43,8552978845.77
2015-09-29,18501700124.82,10797366359.94
2015-09-30,20937228344.62,11375858144.71
2015-10-01,19765033428.75,9519334621.24
2015-10-02,14520065143.54,8812453591.35
2015-10-05,17069828749.74,10765743245.84
2015-10-06,19547743965.39,11350047982.62
2015-10-07,21313692095.02,12701743806.2
2015-10-08,18700420412.25,9119889766.02
2015-10-09,12842564662.36,7813354653.91
2015-10-13,16549170805.07,8746253775.3
2015-10-14,19867243432.28,8835890604.89
2015-10-15,20533888526.7,9552270903.2
2015-10-16,17111128192.76,7868273982.05
2015-10-19,18102011624.88,6966635750.43
2015-10-20,20595452394.02,9959854794.25
2015-10-21,20232668790.85,10075251730.81
2015-10-22,20187706989.63,10071983844.36
2015-10-23,18690764382.77,8816078754.74
2015-10-26,17757988180.56,8757698325.63
2015-10-27,22226506011.63,10387024061.71
2015-10-28,21496942541.63,10081224761.34
2015-10-29,21657353103.46,8286034905.15
2015-10-30,19530154817.13,9488237516.59
2015-11-02,15779659559.78,7343702266.58
2015-11-03,19347094931.3,9640041370.13
2015-11-04,21311651145.02,11422857611.05
2015-11-05,17968246492.12,9628519255.63
2015-11-06,16262707634.51,9237825385.6
2015-11-09,16223094378.34,7107854225.39
2015-11-10,20234019322.94,8188000872.78
2015-11-12,17287171797.5,9301324432.97
2015-11-13,13524105851.42,7801596303.51
2015-11-16,15376600524.06,7433377953.93
2015-11-17,18505497795.64,9662460654.34
2015-11-18,19636366664.26,8696017923.24
2015-11-19,19008218703.95,9946876440.01
2015-11-20,13852016491.97,7284777524.11
2015-11-23,15478417591.34,6753918298.29
2015-11-24,17821474422.8,7724881633.49
2015-11-25,7579816268.88,3350036830.33
2015-11-27,1558154331.81,325804452.3
2015-11-30,17669985102.11,7316081870.21
2015-12-01,18113161235.5,9469616636.14
2015-12-02,19699141761.28,8787195177.26
2015-12-03,20462489864.71,7970448197.72
2015-12-04,13022662527.2,6304308991.9
2015-12-07,15500827487.16,7381724187.26
2015-12-08,16451483746.95,9181227273.64
2015-12-09,17870409270.84,8932895916.87
2015-12-10,18287840410.78,8029030498.64
2015-12-11,13270958652.53,9741498447.61
2015-12-14,13541183356.49,9821440990.36
2015-12-15,18202211021.47,10530692836.58
2015-12-16,14944762232.11,10038396219.78
2015-12-17,15419037237.88,9126741621.54
2015-12-18,10013536263.83,6231216668.75
2015-12-21,10307793532.72,5384361908.52
2015-12-22,10680937479.37,5884700178.38
2015-12-23,6299203376.72,3519916157.95
2015-12-24,1151667912.68,297295910
2015-12-28,4439315046.19,1478760338.09
2015-12-29,5482089472.86,2556003711.41
2015-12-30,3959048439.31,1588673507.66
2015-12-31,2276784983,510225635.38
2016-01-04,12094089342.12,5651882062.73
2016-01-05,18881627868.79,7823445657.26
2016-01-06,20632825697.62,9186294894.88
2016-01-07,16884212386.96,8795347442.07
2016-01-08,15607155352.61,8013780595.23
2016-01-11,16436434126.27,7249493096.64
2016-01-12,19705167324.55,8853895005.01
2016-01-13,20265976831.8,9612458866.78
2016-01-14,24544785143.76,8243297216.12
2016-01-15,14562853526.79,7861521225.87
2016-01-19,17724057839.34,6725253775.33
2016-01-20,20295023893.01,9983059108.18
2016-01-21,22105294720.87,10558231341.31
2016-01-22,21077258131.21,10165697257.12
2016-01-25,16359879704.54,7532024653.49
2016-01-26,22776949196.67,9726141560.99
2016-01-27,20438841855.4,9364441674.9
2016-01-28,20757096495.06,10017757061.9
2016-01-29,19968734765.25,10087866794.85
2016-02-01,16562513789.8,7495867102.52
2016-02-02,19206394895.9,9426814675.39
2016-02-03,19852472551.75,9387836975.66
2016-02-04,20312070510.19,10899128645.14
2016-02-05,16016938686.72,8434748068.71
2016-02-08,12143742429.01,7935411571.43
2016-02-09,17770512321.57,9876330334.27
2016-02-10,18910500005.34,9932495170.42
2016-02-11,18200673618.22,9022831330.92
2016-02-12,14070678865.6,7086492005.19
2016-02-16,16018378801.92,8657466173.89
2016-02-17,24286686994.86,11516705532.07
2016-02-18,21060414163.15,9979998219.53
2016-02-19,16457711533.13,7938092254.62
2016-02-22,19175324763.99,9823541221.64
2016-02-23,22192697339.56,10443400490.29
2016-02-24,23550442225.29,10466285568.13
2016-02-25,22538425993.55,11762848710.26
2016-02-26,19298721035.75,9794019483.33
2016-02-29,21208087046.64,10008713222.88
2016-03-01,25464328274.89,12772382602.99
2016-03-02,25567517609.22,12909903128.17
2016-03-03,22314487200.78,12271537764.41
2016-03-04,20591130995.58,12037357281.39
2016-03-07,19642427297.37,10383412819.35
2016-03-08,21960600869.73,11950969174.02
2016-03-09,24146274693.93,10399557379.8
2016-03-10,21183772120.31,10181345500.48
2016-03-11,18338410722.1,9608834024.62
2016-03-14,17395790358.84,7650953560.25
2016-03-15,22820505517.9,11128986122.9
2016-03-16,22215677232.56,10846088433.37
2016-03-17,20713824704.89,10055837377.85
2016-03-18,17446148046.58,9067599477.35
2016-03-21,20265734091.61,8602923282.76
2016-03-22,21341167653.26,9708548348.53
2016-03-23,22444553674.02,10284150491.17
2016-03-24,12068867957.53,5139506502.06
2016-03-28,14429980558.52,6359994186.69
2016-03-29,22263980180.68,9974809911.92
2016-03-30,22387213267.72,10154236652.96
2016-03-31,25776553986.82,11940012029.28
2016-04-01,15760850098.9,6426652508.08
2016-04-04,17000027767.31,7396288856.81
2016-04-05,22672939110.62,8874632605.19
2016-04-06,23134097854.78,10172606313.72
2016-04-07,22242489308.54,9819362286.09
2016-04-08,15170739247.84,7112876091.57
2016-04-11,15833224824.46,7265327943.26
2016-04-12,19800782573.62,9993090369.68
2016-04-13,21196737242.57,10866723149.33
2016-04-14,21536232889.48,9245984376.93
2016-04-15,16560107895.8,7820145436.89
2016-04-18,17664783697.34,7257645491.9
